{
  "India": {
    "Andhra Pradesh": {
      "districts": {
        "Alluri Sitarama Raju": { "cities": [] },
        "Anakapalli": { "cities": [] },
        "Ananthapuramu": { "cities": [] },
        "Annamayya": { "cities": [] },
        "Bapatla": { "cities": [] },
        "Chittoor": { "cities": [] },
        "Dr. B.R. Ambedkar Konaseema": { "cities": [] },
        "East Godavari": { "cities": [] },
        "Eluru": { "cities": [] },
        "Guntur": { "cities": [] },
        "Kakinada": { "cities": [] },
        "Krishna": { "cities": [] },
        "Kurnool": { "cities": [] },
        "Nandyal": { "cities": [] },
        "Nellore": { "cities": [] },
        "NTR": { "cities": [] },
        "Palnadu": { "cities": [] },
        "Parvathipuram Manyam": { "cities": [] },
        "Prakasam": { "cities": [] },
        "Srikakulam": { "cities": [] },
        "Sri Potti Sriramulu Nellore": { "cities": [] },
        "Tirupati": { "cities": [] },
        "Visakhapatnam": { "cities": [] },
        "Vizianagaram": { "cities": [] },
        "West Godavari": { "cities": [] },
        "YSR Kadapa": { "cities": [] }
      }
    },
    "Arunachal Pradesh": {
      "districts": {
        "Anjaw": { "cities": [] },
        "Changlang": { "cities": [] },
        "Dibang Valley": { "cities": [] },
        "East Kameng": { "cities": [] },
        "East Siang": { "cities": [] },
        "Itanagar Capital Complex": { "cities": [] },
        "Kamle": { "cities": [] },
        "Kra Daadi": { "cities": [] },
        "Kurung Kumey": { "cities": [] },
        "Lepa Rada": { "cities": [] },
        "Lohit": { "cities": [] },
        "Longding": { "cities": [] },
        "Lower Dibang Valley": { "cities": [] },
        "Lower Siang": { "cities": [] },
        "Lower Subansiri": { "cities": [] },
        "Namsai": { "cities": [] },
        "Pakke-Kessang": { "cities": [] },
        "Papum Pare": { "cities": [] },
        "Shi Yomi": { "cities": [] },
        "Siang": { "cities": [] },
        "Tawang": { "cities": [] },
        "Tirap": { "cities": [] },
        "Upper Siang": { "cities": [] },
        "Upper Subansiri": { "cities": [] },
        "West Kameng": { "cities": [] },
        "West Siang": { "cities": [] }
      }
    },
    "Assam": {
      "districts": {
        "Bajali": { "cities": [] },
        "Baksa": { "cities": [] },
        "Barpeta": { "cities": [] },
        "Biswanath": { "cities": [] },
        "Bongaigaon": { "cities": [] },
        "Cachar": { "cities": [] },
        "Charaideo": { "cities": [] },
        "Chirang": { "cities": [] },
        "Darrang": { "cities": [] },
        "Dhemaji": { "cities": [] },
        "Dhubri": { "cities": [] },
        "Dibrugarh": { "cities": [] },
        "Dima Hasao": { "cities": [] },
        "Goalpara": { "cities": [] },
        "Golaghat": { "cities": [] },
        "Hailakandi": { "cities": [] },
        "Hojai": { "cities": [] },
        "Jorhat": { "cities": [] },
        "Kamrup": { "cities": [] },
        "Kamrup Metropolitan": { "cities": [] },
        "Karbi Anglong": { "cities": [] },
        "Karimganj": { "cities": [] },
        "Kokrajhar": { "cities": [] },
        "Lakhimpur": { "cities": [] },
        "Majuli": { "cities": [] },
        "Morigaon": { "cities": [] },
        "Nagaon": { "cities": [] },
        "Nalbari": { "cities": [] },
        "Sivasagar": { "cities": [] },
        "Sonitpur": { "cities": [] },
        "South Salmara-Mankachar": { "cities": [] },
        "Tinsukia": { "cities": [] },
        "Tamulpur": { "cities": [] },
        "Udalguri": { "cities": [] },
        "West Karbi Anglong": { "cities": [] }
      }
    },
    "Bihar": {
      "districts": {
        "Araria": { "cities": [] },
        "Arwal": { "cities": [] },
        "Aurangabad": { "cities": [] },
        "Banka": { "cities": [] },
        "Begusarai": { "cities": [] },
        "Bhagalpur": { "cities": [] },
        "Bhojpur": { "cities": [] },
        "Buxar": { "cities": [] },
        "Darbhanga": { "cities": [] },
        "East Champaran": { "cities": [] },
        "Gaya": { "cities": [] },
        "Gopalganj": { "cities": [] },
        "Jamui": { "cities": [] },
        "Jehanabad": { "cities": [] },
        "Kaimur": { "cities": [] },
        "Katihar": { "cities": [] },
        "Khagaria": { "cities": [] },
        "Kishanganj": { "cities": [] },
        "Lakhisarai": { "cities": [] },
        "Madhepura": { "cities": [] },
        "Madhubani": { "cities": [] },
        "Munger": { "cities": [] },
        "Muzaffarpur": { "cities": [] },
        "Nalanda": { "cities": [] },
        "Nawada": { "cities": [] },
        "Patna": { "cities": [] },
        "Purnia": { "cities": [] },
        "Rohtas": { "cities": [] },
        "Saharsa": { "cities": [] },
        "Samastipur": { "cities": [] },
        "Saran": { "cities": [] },
        "Sheikhpura": { "cities": [] },
        "Sheohar": { "cities": [] },
        "Sitamarhi": { "cities": [] },
        "Siwan": { "cities": [] },
        "Supaul": { "cities": [] },
        "Vaishali": { "cities": [] },
        "West Champaran": { "cities": [] }
      }
    },
    "Chhattisgarh": {
      "districts": {
        "Balod": { "cities": [] },
        "Baloda Bazar": { "cities": [] },
        "Balrampur": { "cities": [] },
        "Bastar": { "cities": [] },
        "Bemetara": { "cities": [] },
        "Bijapur": { "cities": [] },
        "Bilaspur": { "cities": [] },
        "Dantewada": { "cities": [] },
        "Dhamtari": { "cities": [] },
        "Durg": { "cities": [] },
        "Gariaband": { "cities": [] },
        "Gaurela-Pendra-Marwahi": { "cities": [] },
        "Janjgir-Champa": { "cities": [] },
        "Jashpur": { "cities": [] },
        "Kabirdham": { "cities": [] },
        "Kanker": { "cities": [] },
        "Kondagaon": { "cities": [] },
        "Korba": { "cities": [] },
        "Koriya": { "cities": [] },
        "Mahasamund": { "cities": [] },
        "Manendragarh-Chirmiri-Bharatpur": { "cities": [] },
        "Mohla-Manpur-Ambagarh Chowki": { "cities": [] },
        "Mungeli": { "cities": [] },
        "Narayanpur": { "cities": [] },
        "Raigarh": { "cities": [] },
        "Raipur": { "cities": [] },
        "Rajnandgaon": { "cities": [] },
        "Sakti": { "cities": [] },
        "Sarangarh-Bilaigarh": { "cities": [] },
        "Sukma": { "cities": [] },
        "Surajpur": { "cities": [] },
        "Surguja": { "cities": [] },
        "Khairagarh-Chhuikhadan-Gandai": { "cities": [] }
      }
    },
    "Goa": {
      "districts": {
        "North Goa": { "cities": [] },
        "South Goa": { "cities": [] }
      }
    },
    "Gujarat": {
      "districts": {
        "Ahmedabad": { "cities": [] },
        "Amreli": { "cities": [] },
        "Anand": { "cities": [] },
        "Aravalli": { "cities": [] },
        "Banaskantha": { "cities": [] },
        "Bharuch": { "cities": [] },
        "Bhavnagar": { "cities": [] },
        "Botad": { "cities": [] },
        "Chhota Udaipur": { "cities": [] },
        "Dahod": { "cities": [] },
        "Dang": { "cities": [] },
        "Devbhoomi Dwarka": { "cities": [] },
        "Gandhinagar": { "cities": [] },
        "Gir Somnath": { "cities": [] },
        "Jamnagar": { "cities": [] },
        "Junagadh": { "cities": [] },
        "Kheda": { "cities": [] },
        "Kutch": { "cities": [] },
        "Mahisagar": { "cities": [] },
        "Mehsana": { "cities": [] },
        "Morbi": { "cities": [] },
        "Narmada": { "cities": [] },
        "Navsari": { "cities": [] },
        "Panchmahal": { "cities": [] },
        "Patan": { "cities": [] },
        "Porbandar": { "cities": [] },
        "Rajkot": { "cities": [] },
        "Sabarkantha": { "cities": [] },
        "Surat": { "cities": [] },
        "Surendranagar": { "cities": [] },
        "Tapi": { "cities": [] },
        "Vadodara": { "cities": [] },
        "Valsad": { "cities": [] }
      }
    },
    "Haryana": {
      "districts": {
        "Ambala": { "cities": [] },
        "Bhiwani": { "cities": [] },
        "Charkhi Dadri": { "cities": [] },
        "Faridabad": { "cities": [] },
        "Fatehabad": { "cities": [] },
        "Gurugram": { "cities": [] },
        "Hisar": { "cities": [] },
        "Jhajjar": { "cities": [] },
        "Jind": { "cities": [] },
        "Kaithal": { "cities": [] },
        "Karnal": { "cities": [] },
        "Kurukshetra": { "cities": [] },
        "Mahendragarh": { "cities": [] },
        "Nuh": { "cities": [] },
        "Palwal": { "cities": [] },
        "Panchkula": { "cities": [] },
        "Panipat": { "cities": [] },
        "Rewari": { "cities": [] },
        "Rohtak": { "cities": [] },
        "Sirsa": { "cities": [] },
        "Sonipat": { "cities": [] },
        "Yamunanagar": { "cities": [] }
      }
    },
     "Himachal Pradesh": {
      "districts": {
        "Bilaspur": { "cities": [] },
        "Chamba": { "cities": [] },
        "Hamirpur": { "cities": [] },
        "Kangra": { "cities": [] },
        "Kinnaur": { "cities": [] },
        "Kullu": { "cities": [] },
        "Lahaul and Spiti": { "cities": [] },
        "Mandi": { "cities": [] },
        "Shimla": { "cities": [] },
        "Sirmaur": { "cities": [] },
        "Solan": { "cities": [] },
        "Una": { "cities": [] }
      }
    },
    "Jharkhand": {
      "districts": {
        "Bokaro": { "cities": [] },
        "Chatra": { "cities": [] },
        "Deoghar": { "cities": [] },
        "Dhanbad": { "cities": [] },
        "Dumka": { "cities": [] },
        "East Singhbhum": { "cities": [] },
        "Garhwa": { "cities": [] },
        "Giridih": { "cities": [] },
        "Godda": { "cities": [] },
        "Gumla": { "cities": [] },
        "Hazaribagh": { "cities": [] },
        "Jamtara": { "cities": [] },
        "Khunti": { "cities": [] },
        "Koderma": { "cities": [] },
        "Latehar": { "cities": [] },
        "Lohardaga": { "cities": [] },
        "Pakur": { "cities": [] },
        "Palamu": { "cities": [] },
        "Ramgarh": { "cities": [] },
        "Ranchi": { "cities": [] },
        "Sahibganj": { "cities": [] },
        "Seraikela Kharsawan": { "cities": [] },
        "Simdega": { "cities": [] },
        "West Singhbhum": { "cities": [] }
      }
    },
    "Karnataka": {
      "districts": {
        "Bagalkote": { "cities": [] },
        "Bangalore Rural": { "cities": [] },
        "Bangalore Urban": { "cities": [] },
        "Belagavi": { "cities": [] },
        "Ballari": { "cities": [] },
        "Bidar": { "cities": [] },
        "Chamarajanagar": { "cities": [] },
        "Chikkaballapura": { "cities": [] },
        "Chikkamagaluru": { "cities": [] },
        "Chitradurga": { "cities": [] },
        "Dakshina Kannada": { "cities": [] },
        "Davanagere": { "cities": [] },
        "Dharwad": { "cities": [] },
        "Gadag": { "cities": [] },
        "Hassan": { "cities": [] },
        "Haveri": { "cities": [] },
        "Kalaburagi": { "cities": [] },
        "Kodagu": { "cities": [] },
        "Kolar": { "cities": [] },
        "Koppal": { "cities": [] },
        "Mandya": { "cities": [] },
        "Mysuru": { "cities": [] },
        "Raichur": { "cities": [] },
        "Ramanagara": { "cities": [] },
        "Shivamogga": { "cities": [] },
        "Tumakuru": { "cities": [] },
        "Udupi": { "cities": [] },
        "Uttara Kannada": { "cities": [] },
        "Vijayapura": { "cities": [] },
        "Yadgir": { "cities": [] }
      }
    },
    "Kerala": {
      "districts": {
        "Alappuzha": { "cities": [] },
        "Ernakulam": { "cities": [] },
        "Idukki": { "cities": [] },
        "Kannur": { "cities": [] },
        "Kasaragod": { "cities": [] },
        "Kollam": { "cities": [] },
        "Kottayam": { "cities": [] },
        "Kozhikode": { "cities": [] },
        "Malappuram": { "cities": [] },
        "Palakkad": { "cities": [] },
        "Pathanamthitta": { "cities": [] },
        "Thiruvananthapuram": { "cities": [] },
        "Thrissur": { "cities": [] },
        "Wayanad": { "cities": [] }
      }
    },
    "Madhya Pradesh": { "districts": {} },
    "Maharashtra": { "districts": {} },
    "Manipur": { "districts": {} },
    "Meghalaya": { "districts": {} },
    "Mizoram": { "districts": {} },
    "Nagaland": { "districts": {} },
    "Odisha": { "districts": {} },
    "Punjab": { "districts": {} },
    "Rajasthan": { "districts": {} },
    "Sikkim": { "districts": {} },
    "Tamil Nadu": { "districts": {} },
    "Telangana": { "districts": {} },
    "Tripura": { "districts": {} },
    "Uttar Pradesh": { "districts": {} },
    "Uttarakhand": { "districts": {} },
    "West Bengal": { "districts": {} },
    "Andaman and Nicobar Islands": { "districts": {} },
    "Chandigarh": { "districts": {} },
    "Dadra and Nagar Haveli and Daman and Diu": { "districts": {} },
    "Delhi": { "districts": {} },
    "Jammu and Kashmir": { "districts": {} },
    "Ladakh": { "districts": {} },
    "Lakshadweep": { "districts": {} },
    "Puducherry": { "districts": {} }
  }
}
